date,code,open,high,low,close,preclose,volume,amount,adjustflag,turn,tradestatus,pctChg,isST,daily_return
2024-01-02,sh.000300,3426.2684,3426.2684,3386.3522,3386.3522,3431.1099,11618072600,184096097448.7,3,0.375897,1,-1.304467,0,
2024-01-03,sh.000300,3379.7501,3392.8504,3362.6617,3378.2971,3386.3522,10561385100,165099018642.5,3,0.341667,1,-0.23787,0,-0.0023786952816071683
2024-01-04,sh.000300,3375.0207,3375.0207,3323.8647,3347.0519,3378.2971,10672101300,165512262698.6,3,0.345235,1,-0.92488,0,-0.00924880171137099
2024-01-05,sh.000300,3341.3061,3372.5444,3313.5542,3329.1114,3347.0519,12640057400,182251664948.1,3,0.408897,1,-0.536009,0,-0.005360090173683885
2024-01-08,sh.000300,3322.6051,3333.516,3283.3421,3286.0564,3329.1114,11742948500,170761644873.4,3,0.379561,1,-1.293288,0,-0.012932880527818824
2024-01-09,sh.000300,3286.7083,3304.6008,3273.8431,3292.4994,3286.0564,10933046500,172276323045.2,3,0.353382,1,0.196071,0,0.0019607088910587045
2024-01-10,sh.000300,3281.6692,3312.9161,3268.2471,3277.129,3292.4994,9419936600,159777649838.1,3,0.30448,1,-0.466831,0,-0.004668307608499567
2024-01-11,sh.000300,3275.3086,3311.1137,3266.7911,3295.6717,3277.129,10878973500,180978533555.5,3,0.351652,1,0.565821,0,0.005658214858188293
2024-01-12,sh.000300,3284.358,3310.4704,3279.6987,3284.1667,3295.6717,9685355500,156536022291.9,3,0.313069,1,-0.349094,0,-0.0034909423775431048
2024-01-15,sh.000300,3270.1029,3306.9217,3261.2687,3280.9195,3284.1667,8885153000,144331722430.6,3,0.2872,1,-0.098874,0,-0.0009887439635754003
2024-01-16,sh.000300,3272.571,3300.8762,3260.4362,3300.8762,3280.9195,11327666500,175650587488.9,3,0.366149,1,0.608265,0,0.006082654572902468
2024-01-17,sh.000300,3291.1392,3291.1392,3229.082,3229.082,3300.8762,10876972800,173516385174.7,3,0.351579,1,-2.175004,0,-0.02175004321579832
2024-01-18,sh.000300,3214.2844,3279.2538,3171.6329,3274.7286,3229.082,17490916800,256784536828.0,3,0.565314,1,1.413609,0,0.014136091929533023
2024-01-19,sh.000300,3261.2393,3286.9415,3251.8136,3269.7763,3274.7286,11850140800,191261807098.8,3,0.383001,1,-0.151228,0,-0.0015122779945794251
2024-01-22,sh.000300,3262.4685,3281.4205,3193.1776,3218.9016,3269.7763,14870562800,225510031844.3,3,0.480611,1,-1.555908,0,-0.015559076625517143
2024-01-23,sh.000300,3208.4316,3249.5306,3188.1259,3231.9329,3218.9016,12201200000,193791168624.2,3,0.394338,1,0.404837,0,0.004048368549072645
2024-01-24,sh.000300,3245.9592,3281.4892,3190.4674,3277.1089,3231.9329,15437195400,219036341624.5,3,0.498924,1,1.397801,0,0.01397801297174217
2024-01-25,sh.000300,3274.3391,3344.2426,3269.7943,3342.9189,3277.1089,19683361400,265521114954.3,3,0.636158,1,2.008173,0,0.020081725083960444
2024-01-26,sh.000300,3326.6465,3351.9692,3315.1265,3333.8213,3342.9189,18066400500,238144899501.0,3,0.583893,1,-0.272145,0,-0.002721453996386236
2024-01-29,sh.000300,3335.3936,3351.3715,3303.9604,3303.9604,3333.8213,18416479500,244698013593.3,3,0.595207,1,-0.895696,0,-0.008956958790802605
2024-01-30,sh.000300,3283.8977,3300.204,3244.9719,3245.0387,3303.9604,14364935000,199592929911.7,3,0.464264,1,-1.783366,0,-0.017833658054739354
2024-01-31,sh.000300,3231.5425,3252.1475,3201.9264,3215.3518,3245.0387,15314346900,215333349921.2,3,0.494947,1,-0.91484,0,-0.00914839628877162
2024-02-01,sh.000300,3202.2564,3251.7582,3191.8968,3217.7109,3215.3518,14551679200,203815063232.5,3,0.470211,1,0.07337,0,0.0007336988755008989
2024-02-02,sh.000300,3219.8734,3235.4079,3108.3515,3179.6276,3217.7109,17375808900,234495151557.0,3,0.561288,1,-1.183553,0,-0.011835525683802195
2024-02-05,sh.000300,3164.25,3233.8485,3111.5184,3200.4218,3179.6276,20304297000,279713141507.2,3,0.655858,1,0.653982,0,0.006539822462227951
2024-02-06,sh.000300,3185.2498,3314.512,3182.8216,3311.6922,3200.4218,20271309900,285042020945.9,3,0.654793,1,3.476742,0,0.034767417219817576
2024-02-07,sh.000300,3314.0306,3343.6303,3289.6704,3343.6303,3311.6922,21664793300,297997664575.2,3,0.699802,1,0.964404,0,0.009644042402249697
2024-02-08,sh.000300,3351.4052,3367.2101,3336.9779,3364.9297,3343.6303,18997757800,270239765211.0,3,0.613653,1,0.637014,0,0.006370142057870565
2024-02-19,sh.000300,3393.1916,3403.8078,3364.1418,3403.8078,3364.9297,18331980000,267674145147.3,3,0.592126,1,1.155391,0,0.011553911512623749
2024-02-20,sh.000300,3395.1916,3415.8943,3380.103,3410.8542,3403.8078,14073458100,218459281946.0,3,0.454507,1,0.207015,0,0.002070152139612702
2024-02-21,sh.000300,3390.3619,3500.1338,3383.6911,3456.8713,3410.8542,18887936200,291823544608.2,3,0.609993,1,1.349137,0,0.0134913711644431
2024-02-22,sh.000300,3450.3518,3486.6826,3448.4135,3486.6747,3456.8713,14102078400,225098128872.7,3,0.455431,1,0.86215,0,0.00862149539671897
2024-02-23,sh.000300,3491.3367,3507.5592,3472.968,3489.7416,3486.6747,14482127300,232926057113.9,3,0.467697,1,0.087961,0,0.0008796060039670817
2024-02-26,sh.000300,3485.5427,3492.6061,3445.3889,3453.3585,3489.7416,15124833100,238951637715.0,3,0.488448,1,-1.042573,0,-0.010425728942223156
2024-02-27,sh.000300,3440.0516,3494.7874,3437.4422,3494.7874,3453.3585,13952824600,244488721250.8,3,0.450598,1,1.19967,0,0.011996698286609986
2024-02-28,sh.000300,3499.8257,3521.6574,3450.2598,3450.2598,3494.7874,18983754800,328300591256.4,3,0.613069,1,-1.274115,0,-0.012741147000816189
2024-02-29,sh.000300,3437.8984,3516.0826,3437.8984,3516.0826,3450.2598,15594453200,281971899288.2,3,0.503612,1,1.907764,0,0.019077635834843676
2024-03-01,sh.000300,3515.0587,3544.3595,3503.459,3537.8038,3516.0826,16270957000,288575619224.5,3,0.525459,1,0.617767,0,0.006177670570082672
2024-03-04,sh.000300,3538.366,3548.6901,3519.7599,3540.8686,3537.8038,16324461300,297719931809.3,3,0.527187,1,0.08663,0,0.000866300160568434
2024-03-05,sh.000300,3524.9644,3570.6935,3519.0816,3565.5143,3540.8686,16642238900,299895929709.1,3,0.537436,1,0.696035,0,0.006960354304025973
2024-03-06,sh.000300,3556.5323,3577.3883,3545.1013,3551.0481,3565.5143,14307661300,248294165707.4,3,0.462044,1,-0.405725,0,-0.0040572547977159035
2024-03-07,sh.000300,3548.1007,3569.9185,3522.8964,3529.7195,3551.0481,14811051000,251839533036.1,3,0.4783,1,-0.600628,0,-0.00600628304640527
2024-03-08,sh.000300,3529.5509,3548.5055,3511.577,3544.9099,3529.7195,12579266400,225379101014.0,3,0.406223,1,0.430357,0,0.00430357143110105
2024-03-11,sh.000300,3545.9427,3589.2635,3542.2789,3589.2635,3544.9099,14820282500,286418582154.6,3,0.47859,1,1.251191,0,0.012511911797814745
2024-03-12,sh.000300,3592.5826,3605.6976,3574.2117,3597.4939,3589.2635,18068556000,339997042337.1,3,0.505569,1,0.229306,0,0.0022930609580489314
2024-03-13,sh.000300,3594.4211,3594.4211,3563.3685,3572.361,3597.4939,14459059000,266898756379.8,3,0.466923,1,-0.698622,0,-0.006986224493667703
2024-03-14,sh.000300,3571.7885,3597.46,3545.612,3562.2229,3572.361,14096272200,263803609335.2,3,0.455207,1,-0.283793,0,-0.0028379270739994356
2024-03-15,sh.000300,3554.9068,3572.8091,3533.6798,3569.993,3562.2229,13831604400,243991558366.2,3,0.446661,1,0.218125,0,0.0021812503647651305
2024-03-18,sh.000300,3577.0564,3604.0519,3573.404,3603.528,3569.993,16037943800,295314840611.0,3,0.517909,1,0.939358,0,0.009393575841745383
2024-03-19,sh.000300,3593.3396,3610.7389,3577.188,3577.6303,3603.528,14557178600,259553448413.4,3,0.470116,1,-0.718676,0,-0.007186762528277879
2024-03-20,sh.000300,3568.7158,3589.5456,3568.4341,3585.3838,3577.6303,12952896600,223752103886.2,3,0.418309,1,0.216722,0,0.0021672166629402856
2024-03-21,sh.000300,3593.07,3601.1145,3575.0331,3581.0902,3585.3838,13074337700,233162492629.6,3,0.422231,1,-0.119753,0,-0.0011975286997168988
2024-03-22,sh.000300,3571.2736,3575.7171,3522.8404,3545.0023,3581.0902,13922735800,248850931022.2,3,0.449623,1,-1.007735,0,-0.010077350187939982
2024-03-25,sh.000300,3536.7136,3564.9604,3525.7634,3525.7634,3545.0023,13701572400,233747256235.1,3,0.442448,1,-0.542705,0,-0.005427048665102463
2024-03-26,sh.000300,3526.6818,3547.6461,3518.6018,3543.7467,3525.7634,12620953500,226730734844.1,3,0.407552,1,0.510054,0,0.005100540779338747
2024-03-27,sh.000300,3538.7244,3542.9624,3502.7866,3502.7866,3543.7467,12862676300,216404726565.9,3,0.415358,1,-1.155842,0,-0.011558416407132066
2024-03-28,sh.000300,3498.482,3551.2143,3489.3861,3520.9648,3502.7866,14333471700,232530806334.5,3,0.462852,1,0.518964,0,0.0051896395858086475
2024-03-29,sh.000300,3516.883,3538.2378,3516.883,3537.4843,3520.9648,12864329000,201749384356.7,3,0.41541,1,0.469175,0,0.004691753805661447
2024-04-01,sh.000300,3551.5815,3600.9193,3551.5815,3595.6466,3537.4843,16277656100,251637272845.1,3,0.525631,1,1.644171,0,0.01644171254696447
2024-04-02,sh.000300,3593.2206,3596.1903,3568.7539,3580.6759,3595.6466,14127297200,220207515542.9,3,0.455384,1,-0.416356,0,-0.004163562681605004
2024-04-03,sh.000300,3578.6835,3582.4324,3558.874,3567.8031,3580.6759,13559233100,214222897580.1,3,0.437073,1,-0.359508,0,-0.0035950754437171772
2024-04-08,sh.000300,3553.5554,3567.82,3535.7688,3536.4077,3567.8031,15530428300,243249251687.2,3,0.500613,1,-0.879964,0,-0.00879964480102613
2024-04-09,sh.000300,3533.3849,3543.7141,3518.8601,3533.4871,3536.4077,12967094200,195893525574.7,3,0.417986,1,-0.082587,0,-0.000825866316262247
2024-04-10,sh.000300,3528.9679,3531.2295,3490.0525,3504.7086,3533.4871,12879027400,199754768626.1,3,0.415147,1,-0.81445,0,-0.008144504050969892
2024-04-11,sh.000300,3485.0294,3520.5893,3484.9252,3504.2447,3504.7086,12653439500,200293481885.7,3,0.407862,1,-0.013236,0,-0.00013236478490674664
2024-04-12,sh.000300,3505.7499,3516.6988,3470.0611,3475.8389,3504.2447,12892111600,208566204702.9,3,0.415556,1,-0.810611,0,-0.008106111996117216
2024-04-15,sh.000300,3473.5047,3552.4125,3473.5047,3549.0759,3475.8389,18394125000,267472484531.0,3,0.592905,1,2.107031,0,0.021070309098617734
2024-04-16,sh.000300,3533.3636,3545.5034,3503.6158,3511.1146,3549.0759,17615306500,253315972272.3,3,0.567792,1,-1.069611,0,-0.010696108246093017
2024-04-17,sh.000300,3509.1318,3565.9389,3498.0324,3565.403,3511.1146,16846639800,244987812753.2,3,0.543016,1,1.546187,0,0.015461870711938497
2024-04-18,sh.000300,3550.5562,3602.7902,3547.5996,3569.8018,3565.403,17857410500,261329927268.4,3,0.575596,1,0.123375,0,0.0012337455261020036
2024-04-19,sh.000300,3550.6087,3560.9492,3529.3237,3541.6619,3569.8018,14728150500,226229520121.3,3,0.474731,1,-0.788276,0,-0.007882762566818191
2024-04-22,sh.000300,3536.1844,3558.1642,3528.0186,3530.9045,3541.6619,15057904200,229511183118.0,3,0.485224,1,-0.303739,0,-0.003037387617378151
2024-04-23,sh.000300,3525.6681,3533.7584,3499.9838,3506.2249,3530.9045,14311350400,213257232210.7,3,0.461167,1,-0.69896,0,-0.006989597141468962
2024-04-24,sh.000300,3514.0108,3524.537,3495.6494,3521.6219,3506.2249,12173985100,195299919746.2,3,0.392189,1,0.439133,0,0.004391332683764793
2024-04-25,sh.000300,3510.6396,3543.9699,3505.1999,3530.2813,3521.6219,11518772200,184524622000.7,3,0.371081,1,0.245892,0,0.0024589238271151004
2024-04-26,sh.000300,3531.9647,3588.4003,3531.9647,3584.2686,3530.2813,19721613300,308045062250.7,3,0.63513,1,1.529263,0,0.01529263404590453
2024-04-29,sh.000300,3584.5427,3645.8229,3578.7597,3623.9124,3584.2686,22272138100,358709708837.6,3,0.717249,1,1.10605,0,0.011060499204775143
2024-04-30,sh.000300,3619.2586,3630.7092,3604.3943,3604.3943,3623.9124,19129689900,286674161757.8,3,0.616049,1,-0.538592,0,-0.00538591937266486
2024-05-06,sh.000300,3654.0485,3668.2565,3645.738,3657.8767,3604.3943,20801800700,333270472130.0,3,0.669898,1,1.483811,0,0.014838110247816116
2024-05-07,sh.000300,3657.0007,3665.684,3648.376,3659.0076,3657.8767,16483428600,247368347983.1,3,0.530822,1,0.030917,0,0.0003091684309644016
2024-05-08,sh.000300,3650.7484,3650.9355,3628.6984,3630.2233,3659.0076,13003533600,199923460349.8,3,0.418736,1,-0.78667,0,-0.007866695876772689
2024-05-09,sh.000300,3630.4142,3669.7593,3630.4142,3664.561,3630.2233,14655901700,232694927940.9,3,0.47194,1,0.945884,0,0.009458839625650528
2024-05-10,sh.000300,3669.0869,3674.6088,3641.7639,3666.2771,3664.561,15072053600,233730562074.5,3,0.485341,1,0.04683,0,0.0004682962024644688
2024-05-13,sh.000300,3646.3491,3673.6211,3634.6049,3664.6907,3666.2771,15726745500,249688465072.9,3,0.506422,1,-0.04327,0,-0.0004327005179176613
2024-05-14,sh.000300,3668.2254,3675.776,3646.7092,3657.0454,3664.6907,13340649000,214643548213.8,3,0.429588,1,-0.208621,0,-0.0020862060746354993
2024-05-15,sh.000300,3651.0536,3656.5277,3624.002,3626.0559,3657.0454,12352276400,191480969435.1,3,0.397761,1,-0.847392,0,-0.008473917222903582
2024-05-16,sh.000300,3636.6007,3657.4831,3626.334,3640.3592,3626.0559,15463050300,240288953464.0,3,0.497922,1,0.394459,0,0.003944588940286264
2024-05-17,sh.000300,3638.5613,3677.9696,3627.447,3677.9696,3640.3592,16457041700,247729525192.2,3,0.529929,1,1.033151,0,0.01033150794569937
2024-05-20,sh.000300,3682.0615,3703.0287,3677.4426,3690.9623,3677.9696,18460942300,279971341520.4,3,0.594431,1,0.353257,0,0.0035325740593397104
2024-05-21,sh.000300,3682.2868,3684.6106,3665.1524,3676.1611,3690.9623,13067828300,196575354877.9,3,0.420776,1,-0.401012,0,-0.004010119528991218
2024-05-22,sh.000300,3675.6471,3691.8804,3667.0885,3684.451,3676.1611,15191460500,230839373504.9,3,0.489156,1,0.225504,0,0.0022550426312928362
2024-05-23,sh.000300,3672.8403,3674.3654,3633.5051,3641.7917,3684.451,14257299000,214205039030.7,3,0.459067,1,-1.15782,0,-0.011578197131675738
2024-05-24,sh.000300,3630.827,3650.8734,3599.6678,3601.4754,3641.7917,12479117700,195344742155.9,3,0.401814,1,-1.107046,0,-0.011070457434454672
2024-05-27,sh.000300,3606.645,3638.1514,3603.7131,3635.7079,3601.4754,13127264400,206143742535.6,3,0.422552,1,0.950513,0,0.009505132257740856
2024-05-28,sh.000300,3633.2535,3638.9703,3605.9213,3609.1724,3635.7079,12353223800,184381267979.1,3,0.397636,1,-0.729858,0,-0.007298578634438724
2024-05-29,sh.000300,3609.0708,3633.1971,3602.8198,3613.5223,3609.1724,11590632100,179072813277.6,3,0.373038,1,0.120523,0,0.00120523475132428
2024-05-30,sh.000300,3607.0522,3624.0352,3586.7543,3594.3121,3613.5223,12260299500,193069647050.8,3,0.39459,1,-0.53162,0,-0.0053161979932986325
2024-05-31,sh.000300,3599.8196,3614.6439,3579.9247,3579.9247,3594.3121,11246201900,180707602931.7,3,0.361952,1,-0.400282,0,-0.004002824351285517
2024-06-03,sh.000300,3577.3798,3600.6044,3567.8713,3588.7483,3579.9247,14105459100,222756928174.4,3,0.453939,1,0.246474,0,0.0024647445796834866
2024-06-04,sh.000300,3583.8104,3622.5012,3580.2771,3615.6714,3588.7483,12454509600,195790966233.8,3,0.400809,1,0.750209,0,0.007502086451702361
2024-06-05,sh.000300,3610.3601,3623.3232,3594.1056,3594.7936,3615.6714,11090676600,182639598874.9,3,0.356918,1,-0.577425,0,-0.005774252604924257
2024-06-06,sh.000300,3602.1554,3625.0109,3584.171,3592.2454,3594.7936,13789351700,226764072639.2,3,0.443664,1,-0.070886,0,-0.0007088585002488212
2024-06-07,sh.000300,3594.6335,3603.0698,3552.0853,3574.1143,3592.2454,13110302600,213001530097.8,3,0.421773,1,-0.504729,0,-0.005047288807162098
2024-06-11,sh.000300,3555.8186,3565.3113,3525.8945,3542.8771,3574.1143,13452230600,219282337214.0,3,0.430695,1,-0.873984,0,-0.008739843602651454
2024-06-12,sh.000300,3539.0947,3551.1706,3531.5657,3544.1225,3542.8771,12281372900,200722600631.1,3,0.393164,1,0.035152,0,0.0003515222134009566
2024-06-13,sh.000300,3548.2162,3551.0771,3520.1802,3526.1306,3544.1225,12324546200,214792338449.3,3,0.394489,1,-0.507655,0,-0.005076545745808736
2024-06-14,sh.000300,3514.7998,3547.1473,3503.5233,3541.5331,3526.1306,17151694200,283768816845.0,3,0.548947,1,0.43681,0,0.004368102531426388
2024-06-17,sh.000300,3521.4365,3540.7932,3520.7381,3536.1986,3541.5331,13743343800,232293851893.9,3,0.438927,1,-0.150627,0,-0.0015062685705238277
2024-06-18,sh.000300,3533.4875,3551.7085,3532.7845,3545.5902,3536.1986,12367183800,208824124156.0,3,0.394976,1,0.265585,0,0.002655846309084442
2024-06-19,sh.000300,3543.3599,3543.3599,3524.8449,3528.749,3545.5902,10664279700,184790298728.6,3,0.34059,1,-0.47499,0,-0.004749900312788657
2024-06-20,sh.000300,3525.1687,3533.9865,3500.131,3503.2817,3528.749,11161739600,186515776574.7,3,0.356435,1,-0.721709,0,-0.007217090249263869
2024-06-21,sh.000300,3496.3428,3505.5123,3473.8283,3495.6198,3503.2817,10918661500,182736735066.8,3,0.348675,1,-0.218706,0,-0.002187063632365094
2024-06-24,sh.000300,3473.6392,3505.7752,3471.2164,3476.8102,3495.6198,11799018400,195787549313.6,3,0.376687,1,-0.538091,0,-0.005380905555003479
2024-06-25,sh.000300,3475.1648,3483.2189,3440.6464,3457.9023,3476.8102,11844811800,190886336762.4,3,0.378149,1,-0.543829,0,-0.005438289383757455
2024-06-26,sh.000300,3451.5389,3487.3964,3442.2982,3480.2648,3457.9023,10589886100,171538111702.3,3,0.338085,1,0.646707,0,0.006467071091048382
2024-06-27,sh.000300,3467.2888,3471.1423,3452.5775,3454.1175,3480.2648,11491810100,174112508796.1,3,0.366879,1,-0.751302,0,-0.007513020273629767
2024-06-28,sh.000300,3443.6744,3484.678,3443.6744,3461.657,3454.1175,13540915300,205118806811.8,3,0.432306,1,0.218276,0,0.0021827572455193067
2024-07-01,sh.000300,3458.2636,3479.9548,3443.8086,3478.1827,3461.657,12182977000,188018227774.8,3,0.388952,1,0.477393,0,0.004773927630611574
2024-07-02,sh.000300,3472.4527,3488.3189,3464.5237,3471.7857,3478.1827,12165012100,186104752421.9,3,0.388376,1,-0.183918,0,-0.0018391788332452474
2024-07-03,sh.000300,3471.5556,3478.7047,3454.9942,3463.4141,3471.7857,10385710800,163035359363.1,3,0.331515,1,-0.241132,0,-0.002411323947788535
2024-07-04,sh.000300,3468.2958,3483.3098,3444.928,3445.8128,3463.4141,10442990900,159477153569.5,3,0.288439,1,-0.508207,0,-0.005082066276741126
2024-07-05,sh.000300,3443.3588,3451.0386,3399.6693,3431.0605,3445.8128,11660965900,181416567402.8,3,0.372221,1,-0.428123,0,-0.004281225027662594
2024-07-08,sh.000300,3420.8033,3428.0418,3395.9123,3401.7604,3431.0605,11552821800,177559765827.5,3,0.368605,1,-0.853966,0,-0.00853966288265684
2024-07-09,sh.000300,3396.8044,3448.9279,3384.8086,3439.8111,3401.7604,13162944300,215048837819.8,3,0.419962,1,1.118559,0,0.011185590848785232
2024-07-10,sh.000300,3425.8818,3447.505,3423.6483,3428.9657,3439.8111,12720345600,198149476849.1,3,0.405841,1,-0.315291,0,-0.0031529056929898713
2024-07-11,sh.000300,3451.0442,3473.9837,3438.118,3468.169,3428.9657,14589246600,237551298481.6,3,0.465468,1,1.143298,0,0.0114329810881455
2024-07-12,sh.000300,3459.9564,3479.0958,3457.3633,3472.4014,3468.169,13087458900,205055553856.4,3,0.417402,1,0.122036,0,0.0012203557554433253
2024-07-15,sh.000300,3462.6113,3481.4613,3460.7915,3476.2467,3472.4014,11851708300,171584915379.5,3,0.377987,1,0.110739,0,0.001107389255170732
2024-07-16,sh.000300,3466.8523,3500.2943,3464.3655,3498.2827,3476.2467,12065901700,200456285077.5,3,0.384818,1,0.633902,0,0.006339020760523173
2024-07-17,sh.000300,3494.209,3514.4753,3486.2229,3501.5836,3498.2827,13180206200,222830802528.4,3,0.420274,1,0.094358,0,0.0009435772586359192
2024-07-18,sh.000300,3483.2975,3522.7995,3475.7236,3520.931,3501.5836,12376819900,215783795702.6,3,0.394657,1,0.552533,0,0.005525328597038248
2024-07-19,sh.000300,3500.8052,3545.3383,3493.0734,3539.0156,3520.931,13244797500,228065104129.0,3,0.422267,1,0.513631,0,0.005136311958399586
2024-07-22,sh.000300,3538.4012,3540.1874,3494.0143,3514.9249,3539.0156,13212633700,217457320403.9,3,0.421241,1,-0.680718,0,-0.00680717541906295
2024-07-23,sh.000300,3509.7887,3509.7887,3439.8779,3439.8779,3514.9249,12889766000,202857560168.7,3,0.410947,1,-2.135095,0,-0.021350954041720827
2024-07-24,sh.000300,3432.3459,3451.4196,3408.4129,3418.1663,3439.8779,12703626300,184884499786.8,3,0.405012,1,-0.631174,0,-0.0063117356578267225
2024-07-25,sh.000300,3404.611,3415.8557,3383.7991,3399.2716,3418.1663,13102224200,190131464834.7,3,0.417705,1,-0.552773,0,-0.005527729882539578
2024-07-26,sh.000300,3403.7084,3420.8201,3388.6601,3409.2931,3399.2716,12419555800,187853329477.8,3,0.39593,1,0.294813,0,0.0029481315938391095
2024-07-29,sh.000300,3404.3663,3408.5024,3388.8444,3390.742,3409.2931,10978778600,166697103823.1,3,0.349994,1,-0.544133,0,-0.005441333278150773
2024-07-30,sh.000300,3380.6893,3380.6893,3352.8043,3369.3821,3390.742,10495216400,165442824490.2,3,0.334578,1,-0.629948,0,-0.006299476633728096
2024-07-31,sh.000300,3364.0268,3445.0042,3364.0268,3442.0844,3369.3821,17195917700,258249147336.4,3,0.54819,1,2.157734,0,0.021577339061663592
2024-08-01,sh.000300,3443.1397,3448.3361,3419.1872,3419.2666,3442.0844,13632346400,206038002517.7,3,0.434587,1,-0.662906,0,-0.006629064644667171
2024-08-02,sh.000300,3393.9167,3419.1023,3380.9645,3384.3919,3419.2666,11661525500,179671192427.6,3,0.371749,1,-1.019947,0,-0.01019946792098625
2024-08-05,sh.000300,3362.1117,3409.0314,3343.3205,3343.3205,3384.3919,14281251600,223631266563.2,3,0.455262,1,-1.213553,0,-0.01213553312191784
2024-08-06,sh.000300,3367.3517,3376.7956,3318.6251,3342.9789,3343.3205,11934027900,181724693847.5,3,0.380437,1,-0.010217,0,-0.00010217387175404102
2024-08-07,sh.000300,3338.5909,3362.3839,3329.9658,3341.489,3342.9789,9508437700,145078975325.5,3,0.303114,1,-0.044568,0,-0.00044568034814695956
2024-08-08,sh.000300,3332.4281,3364.7855,3320.8432,3342.9369,3341.489,9249569500,149482926226.5,3,0.294828,1,0.043331,0,0.0004333098208613162
2024-08-09,sh.000300,3358.128,3366.6688,3331.6274,3331.6274,3342.9369,9151162600,142852166559.2,3,0.291692,1,-0.33831,0,-0.0033831030433151277
2024-08-12,sh.000300,3327.5561,3338.0771,3319.8908,3325.8645,3331.6274,7993875400,117544892726.5,3,0.254803,1,-0.172976,0,-0.001729755254143872
2024-08-13,sh.000300,3328.0138,3335.014,3310.1909,3334.3903,3325.8645,8448967900,125259155343.0,3,0.269309,1,0.256348,0,0.0025634838701336093
2024-08-14,sh.000300,3332.7866,3332.7866,3309.1,3309.2389,3334.3903,7874240700,118181952004.2,3,0.25099,1,-0.754303,0,-0.0075430281811941224
2024-08-15,sh.000300,3301.4455,3356.7644,3297.9711,3341.953,3309.2389,10476639900,149249335425.5,3,0.333857,1,0.988569,0,0.009885687007970434
2024-08-16,sh.000300,3342.0346,3356.9071,3335.6239,3345.634,3341.953,9651908300,135885323083.0,3,0.307576,1,0.110145,0,0.0011014517559044812
2024-08-19,sh.000300,3344.2614,3375.9621,3343.7116,3356.9677,3345.634,10557111000,143421671337.3,3,0.336422,1,0.338761,0,0.003387609045101714
2024-08-20,sh.000300,3361.6394,3362.3338,3321.6397,3332.7034,3356.9677,10166833100,137910585091.6,3,0.323917,1,-0.722804,0,-0.007228040948979109
2024-08-21,sh.000300,3322.9134,3339.443,3307.9917,3321.635,3332.7034,8995475100,130005992563.3,3,0.286598,1,-0.332115,0,-0.003321147630479082
2024-08-22,sh.000300,3322.8723,3327.6962,3305.2453,3313.1357,3321.635,10036650400,147702791560.6,3,0.31977,1,-0.255877,0,-0.002558770003326827
2024-08-23,sh.000300,3305.9307,3336.2414,3305.6403,3327.1905,3313.1357,8952577400,132680886499.7,3,0.285233,1,0.424214,0,0.004242144383038715
2024-08-26,sh.000300,3330.7184,3336.5271,3311.5701,3324.2231,3327.1905,9399077200,139070603958.0,3,0.299458,1,-0.089186,0,-0.0008918635707814149
2024-08-27,sh.000300,3315.686,3320.5667,3299.5635,3305.3338,3324.2231,9580815700,129755962864.4,3,0.30525,1,-0.568232,0,-0.0056823201788112065
2024-08-28,sh.000300,3298.9089,3305.3496,3274.5881,3286.4956,3305.3338,9269665000,135982310964.6,3,0.295336,1,-0.569933,0,-0.005699333604369916
2024-08-29,sh.000300,3273.541,3290.7857,3269.5288,3277.6812,3286.4956,13070233300,174340106392.6,3,0.416423,1,-0.268201,0,-0.0026820057206223824
2024-08-30,sh.000300,3273.7532,3351.6254,3273.6496,3321.4323,3277.6812,18869544300,268376041210.9,3,0.601191,1,1.334819,0,0.013348186516736193
2024-09-02,sh.000300,3307.5432,3307.7627,3264.7565,3265.011,3321.4323,14761235300,194409996348.3,3,0.470295,1,-1.698704,0,-0.016987038995194936
2024-09-03,sh.000300,3261.741,3281.5935,3261.1877,3273.4282,3265.011,12289730600,155089488535.3,3,0.391552,1,0.2578,0,0.0025780005029079067
2024-09-04,sh.000300,3253.898,3272.9861,3249.9809,3252.1649,3273.4282,10483248200,140070063076.9,3,0.333997,1,-0.649573,0,-0.006495728239892196
2024-09-05,sh.000300,3252.96,3266.882,3247.1725,3257.7578,3252.1649,9710945000,134618198893.7,3,0.309403,1,0.171975,0,0.0017197467446989911
2024-09-06,sh.000300,3261.1542,3274.8144,3231.0685,3231.3457,3257.7578,8840041700,121541545905.7,3,0.281655,1,-0.810745,0,-0.008107447398330248
2024-09-09,sh.000300,3214.7996,3222.9278,3180.9277,3192.9516,3231.3457,10867306900,146516054460.5,3,0.346241,1,-1.188177,0,-0.01188176802005425
2024-09-10,sh.000300,3193.4557,3205.0972,3171.7932,3195.7552,3192.9516,9729007800,133610476131.5,3,0.30998,1,0.087806,0,0.0008780590347814421
2024-09-11,sh.000300,3187.0508,3197.3363,3174.0343,3186.1299,3195.7552,10248211000,141513837135.3,3,0.326421,1,-0.30119,0,-0.0030119015373893943
2024-09-12,sh.000300,3189.4271,3201.5544,3171.8775,3172.4747,3186.1299,9286865700,136387244637.1,3,0.295799,1,-0.428583,0,-0.004285826513225288
2024-09-13,sh.000300,3174.0344,3188.9145,3159.247,3159.247,3172.4747,8833667700,137448911397.4,3,0.281364,1,-0.416952,0,-0.004169521036684776
2024-09-18,sh.000300,3158.8179,3179.9012,3145.7908,3171.0102,3159.247,8472281400,123452147968.9,3,0.269853,1,0.372342,0,0.003723418903301967
2024-09-19,sh.000300,3178.3959,3213.8378,3149.7925,3196.0357,3171.0102,12543927200,181785109712.7,3,0.399588,1,0.789196,0,0.007891964522851236
2024-09-20,sh.000300,3192.4322,3207.9875,3173.2238,3201.0497,3196.0357,11806409800,163985054956.9,3,0.376094,1,0.156882,0,0.0015688185210196437
2024-09-23,sh.000300,3200.8678,3230.1613,3198.0248,3212.7639,3201.0497,9534485500,143876166860.9,3,0.303722,1,0.365949,0,0.0036594870738808627
2024-09-24,sh.000300,3244.6468,3351.9684,3222.4885,3351.909,3212.7639,20407221700,307879526847.5,3,0.650073,1,4.331009,0,0.04331009197407876
2024-09-25,sh.000300,3403.7021,3465.4882,3393.438,3401.533,3351.909,24156425500,356862584939.5,3,0.769504,1,1.48047,0,0.014804697860234306
2024-09-26,sh.000300,3399.3188,3545.3249,3391.6772,3545.3204,3401.533,24313401000,373983643044.8,3,0.774504,1,4.227135,0,0.04227135235789281
2024-09-27,sh.000300,3617.9203,3708.4951,3596.5833,3703.6849,3545.3204,26548777400,466692757481.8,3,0.845712,1,4.46686,0,0.044668600332991026
2024-09-30,sh.000300,3846.6515,4038.6968,3796.5045,4017.8545,3703.6849,51021770700,862528807419.2,3,1.615929,1,8.482622,0,0.08482622266273232
2024-10-08,sh.000300,4450.3675,4450.3675,4094.3519,4256.0962,4017.8545,58986789400,1130387437130.1,3,1.868171,1,5.929575,0,0.05929575100342732
2024-10-09,sh.000300,4168.8436,4197.6,3942.5118,3955.9839,4256.0962,48226929500,1029032062193.4,3,1.527204,1,-7.051351,0,-0.07051351423870533
2024-10-10,sh.000300,3979.6116,4098.4967,3912.7708,3997.7879,3955.9839,39505309900,717952217512.6,3,1.251015,1,1.056728,0,0.010567282642378606
2024-10-11,sh.000300,3969.7576,3978.2389,3847.1228,3887.167,3997.7879,27409650500,484998267295.6,3,0.867953,1,-2.767053,0,-0.0276705274934671
2024-10-14,sh.000300,3915.2186,3979.5431,3868.779,3961.3424,3887.167,30757899300,534076602215.5,3,0.973982,1,1.908212,0,0.01908212330471004
2024-10-15,sh.000300,3942.5342,3967.8712,3855.9949,3855.9949,3961.3424,24248644800,434410916723.5,3,0.767856,1,-2.659389,0,-0.026593888980664726
2024-10-16,sh.000300,3806.1373,3877.7483,3805.0868,3831.589,3855.9949,21886640700,377301324426.4,3,0.693063,1,-0.632934,0,-0.0063293392841365925
2024-10-17,sh.000300,3853.841,3882.0733,3787.7498,3788.2217,3831.589,21231382000,369170521634.5,3,0.672314,1,-1.131836,0,-0.011318359041118442
2024-10-18,sh.000300,3780.3143,3998.214,3765.1615,3925.234,3788.2217,31295883400,620673701894.1,3,0.991015,1,3.616797,0,0.036167972956809846
2024-10-21,sh.000300,3946.9016,3979.2638,3896.165,3935.1974,3925.234,29118563400,600109598949.1,3,0.922077,1,0.253829,0,0.0025382945322496298
2024-10-22,sh.000300,3923.7443,3965.9084,3917.5218,3957.7755,3935.1974,22343339600,442881846813.7,3,0.707515,1,0.573748,0,0.005737475837933825
2024-10-23,sh.000300,3955.3191,4012.1795,3939.0986,3973.2089,3957.7755,24587394900,469120806272.1,3,0.778574,1,0.389951,0,0.003899513754633155
2024-10-24,sh.000300,3950.8987,3957.9832,3914.0887,3928.8334,3973.2089,17472406200,340486884485.3,3,0.55325,1,-1.116868,0,-0.011168680307748202
2024-10-25,sh.000300,3931.3205,3992.8918,3921.9396,3956.421,3928.8334,21069488500,412231378430.4,3,0.667141,1,0.702183,0,0.007021829940663693
2024-10-28,sh.000300,3953.1063,3964.1569,3917.2042,3964.1569,3956.421,21616041500,390450182338.0,3,0.684419,1,0.195528,0,0.001955277256894483
2024-10-29,sh.000300,3970.008,3991.3091,3921.5795,3924.649,3964.1569,21729398400,429625020404.8,3,0.688012,1,-0.996628,0,-0.009966280598025845
2024-10-30,sh.000300,3904.1595,3926.0581,3864.3051,3889.4487,3924.649,21943662600,385010582233.2,3,0.694796,1,-0.896903,0,-0.008969031370703484
2024-10-31,sh.000300,3888.4229,3923.8997,3859.1079,3891.0396,3889.4487,30063671800,515533818945.0,3,0.951898,1,0.040903,0,0.0004090296910201907
2024-11-01,sh.000300,3882.4579,3933.2204,3879.9588,3890.0203,3891.0396,30798648100,476472952028.3,3,0.975169,1,-0.026196,0,-0.00026196083946306015
2024-11-04,sh.000300,3897.7144,3944.7619,3891.2109,3944.7619,3890.0203,22923906000,381048606068.1,3,0.72582,1,1.407232,0,0.014072317308986726
2024-11-05,sh.000300,3937.6228,4046.6977,3925.4138,4044.5725,3944.7619,31686279400,580971852723.7,3,1.003207,1,2.530206,0,0.025302059422141587
2024-11-06,sh.000300,4051.2891,4091.7031,4002.5027,4024.2831,4044.5725,33580793800,639124093911.8,3,1.063092,1,-0.501645,0,-0.005016451058795446
2024-11-07,sh.000300,3987.2665,4146.151,3984.6652,4145.6952,4024.2831,34143641400,658145920948.1,3,1.080875,1,3.016987,0,0.030169870504388685
2024-11-08,sh.000300,4192.0794,4200.908,4094.1631,4104.047,4145.6952,33235038500,688446559772.2,3,1.052083,1,-1.004613,0,-0.010046131707898032
2024-11-11,sh.000300,4066.9336,4132.5111,4048.039,4131.1312,4104.047,28959422700,625605935910.0,3,0.915963,1,0.659939,0,0.006599388359831204
2024-11-12,sh.000300,4133.3528,4181.7096,4060.7936,4085.743,4131.1312,29777808600,660380524820.6,3,0.941875,1,-1.098687,0,-0.010986869649649456
2024-11-13,sh.000300,4059.5898,4121.0735,4059.5898,4110.8901,4085.743,24048409900,512734303119.4,3,0.760654,1,0.615484,0,0.006154841359331531
2024-11-14,sh.000300,4101.2228,4118.1686,4034.9441,4039.6191,4110.8901,23015278400,464157560755.1,3,0.727976,1,-1.733712,0,-0.017337121223454655
2024-11-15,sh.000300,4025.6482,4049.071,3968.8308,3968.8308,4039.6191,24739946300,474079686588.2,3,0.782527,1,-1.752351,0,-0.01752350859020335
2024-11-18,sh.000300,3982.1036,4034.0596,3931.1872,3950.3806,3968.8308,30677794600,472408054830.7,3,0.970013,1,-0.464877,0,-0.004648774646679343
2024-11-19,sh.000300,3954.6038,3979.1505,3896.7493,3976.8912,3950.3806,24294646500,402610970340.1,3,0.768159,1,0.67109,0,0.006710897679074179
2024-11-20,sh.000300,3966.1238,4001.0847,3958.3383,3985.7727,3976.8912,18459937200,347577693099.5,3,0.583672,1,0.223328,0,0.002233277088395047
2024-11-21,sh.000300,3979.4554,3999.5693,3966.0658,3989.2979,3985.7727,16612592700,324235010779.0,3,0.52523,1,0.088445,0,0.000884445819000268
2024-11-22,sh.000300,3984.2435,3990.2647,3865.6989,3865.6989,3989.2979,21628580900,397566831847.8,3,0.683818,1,-3.098264,0,-0.030982644840837792
2024-11-25,sh.000300,3875.6126,3889.7069,3812.3179,3848.0909,3865.6989,19070295300,349006773180.1,3,0.602934,1,-0.455493,0,-0.0045549331325313025
2024-11-26,sh.000300,3836.259,3875.229,3833.2842,3840.1847,3848.0909,14989244100,264403254830.0,3,0.473901,1,-0.205458,0,-0.002054577245043876
2024-11-27,sh.000300,3829.3442,3907.164,3817.9125,3907.0447,3840.1847,17413609600,320632355477.0,3,0.550573,1,1.741062,0,0.01741062090060419
2024-11-28,sh.000300,3904.2525,3908.3918,3866.0136,3872.5505,3907.0447,15011729100,286432871223.5,3,0.474631,1,-0.882872,0,-0.008828719057143108
2024-11-29,sh.000300,3869.8903,3962.7002,3869.8903,3916.5832,3872.5505,18765671300,375262017919.2,3,0.59332,1,1.137047,0,0.011370465020404508
2024-12-02,sh.000300,3909.7029,3955.1252,3902.1697,3947.632,3916.5832,19728978400,368591235990.8,3,0.62316,1,0.792752,0,0.007927522132046061
2024-12-03,sh.000300,3946.7034,3963.9474,3922.8425,3951.8912,3947.632,18249686700,327295048700.8,3,0.576434,1,0.107893,0,0.0010789252898952828
2024-12-04,sh.000300,3948.13,3957.365,3917.7467,3930.5568,3951.8912,17462631800,312040419081.5,3,0.551573,1,-0.539853,0,-0.00539852919027739
2024-12-05,sh.000300,3916.5638,3936.3358,3910.0834,3921.5881,3930.5568,13853403800,257716297996.5,3,0.437572,1,-0.228179,0,-0.0022817886768612405
2024-12-06,sh.000300,3923.8954,3995.1168,3923.8954,3973.1405,3921.5881,19205790700,351751735425.0,3,0.606632,1,1.31458,0,0.0131457967245463
2024-12-09,sh.000300,3970.6628,3995.5116,3948.4206,3966.5708,3973.1405,17595995800,308227216702.9,3,0.555699,1,-0.165353,0,-0.0016535282354097625
2024-12-10,sh.000300,4094.05,4098.3804,3988.9676,3995.6369,3966.5708,25346379500,487278042807.0,3,0.800488,1,0.732777,0,0.007327765333219327
2024-12-11,sh.000300,3988.0179,4005.3253,3977.3522,3988.8308,3995.6369,17725284600,310713317895.4,3,0.559799,1,-0.170338,0,-0.00170338300760009
2024-12-12,sh.000300,3987.1525,4031.7441,3981.3485,4028.5048,3988.8308,18162177700,333667518401.4,3,0.573597,1,0.994627,0,0.00994627297803663
2024-12-13,sh.000300,4000.9854,4000.9854,3931.7392,3933.1808,4028.5048,23035307900,421478609274.0,3,0.727462,1,-2.366238,0,-0.023662377167826598
2024-12-16,sh.000300,3930.7807,3938.7595,3901.6465,3911.8416,3933.1808,17851125100,327619081581.3,3,0.560021,1,-0.542543,0,-0.005425430735347847
2024-12-17,sh.000300,3908.1263,3955.945,3908.1263,3922.0334,3911.8416,16093909000,306037370846.7,3,0.504897,1,0.260537,0,0.002605371342234264
2024-12-18,sh.000300,3934.5425,3956.1441,3933.9693,3941.89,3922.0334,15773832100,276825381224.3,3,0.0,1,0.506283,0,0.005062832968225184
2024-12-19,sh.000300,3911.8901,3954.3491,3899.7479,3945.4635,3941.89,16108104000,321771606933.4,3,0.505333,1,0.090654,0,0.0009065448300180634
2024-12-20,sh.000300,3937.4722,3958.6336,3923.2562,3927.7441,3945.4635,15498649600,332143276397.7,3,0.486213,1,-0.449108,0,-0.004491081973005184
2024-12-23,sh.000300,3928.1493,3965.8502,3928.1493,3933.5718,3927.7441,19006736200,354063425208.7,3,0.596266,1,0.148373,0,0.0014837270075716003
2024-12-24,sh.000300,3934.9422,3985.8588,3934.7338,3983.6882,3933.5718,16149458900,310384873294.2,3,0.506634,1,1.274069,0,0.012740685196085622
2024-12-25,sh.000300,3987.9557,4007.7626,3969.4766,3985.6291,3983.6882,15939074700,299295145793.1,3,0.500028,1,0.048721,0,0.0004872118254637403
2024-12-26,sh.000300,3981.7317,3991.5331,3965.5461,3987.4801,3985.6291,14342528600,305769929402.7,3,0.449943,1,0.046442,0,0.00046441852805623185
2024-12-27,sh.000300,3987.0189,4007.1314,3970.9365,3981.0307,3987.4801,16926866600,345011075199.0,3,0.530975,1,-0.161741,0,-0.0016174124605663476
2024-12-30,sh.000300,3976.7004,4005.778,3976.7004,3999.0549,3981.0307,16461248500,322699390191.8,3,0.516369,1,0.452752,0,0.004527520975912136
2024-12-31,sh.000300,3995.8705,4004.3462,3934.9109,3934.9109,3999.0549,18392839700,347880439530.4,3,0.576957,1,-1.603979,0,-0.016039789801335358
